user,type,time,attempts,risk_score,suspicious
alice,file_access,1775254210.480971,55,7,1
alice,file_access,1775254212.5081048,3,2,0
bob,file_access,1775254214.5268629,59,7,1
alice,login,1775254216.539639,4,2,0
bob,login,1775254218.5487971,3,2,0
bob,file_access,1775254220.5617514,5,2,0
charlie,file_access,1775254222.575082,1,2,0
charlie,login,1775254224.599851,1,2,0
alice,login,1775254226.6129837,5,2,0
bob,usb,1775254228.6383817,90,9,1
charlie,usb,1775254230.665123,81,9,1
bob,file_access,1775254232.6908376,4,2,0
bob,file_access,1775254234.721531,3,2,0
bob,login,1775254236.7419443,3,2,0
charlie,file_access,1775254238.7600176,4,2,0
alice,file_access,1775254240.7657065,3,2,0
alice,login,1775254242.7809215,1,2,0
bob,login,1775254244.7936423,4,2,0
alice,login,1775254246.8154123,3,2,0
bob,file_access,1775254248.8259203,3,2,0
bob,login,1775254250.8379111,2,2,0
charlie,login,1775254252.8645256,3,2,0
alice,file_access,1775254254.8687215,3,2,0
charlie,login,1775254256.8833172,1,2,0
alice,login,1775254258.8946173,4,2,0
charlie,file_access,1775254260.9204586,81,9,1
charlie,file_access,1775254262.93189,1,2,0
charlie,file_access,1775254264.9426246,4,2,0
alice,usb,1775254266.9553323,30,5,0
charlie,login,1775254268.9650452,2,2,0
charlie,login,1775254270.9739118,3,2,0
charlie,file_access,1775254272.9858212,44,7,1
alice,file_access,1775254275.0103421,5,2,0
bob,file_access,1775254277.0236387,4,2,0
alice,file_access,1775254279.0393825,41,7,1
bob,login,1775254281.058429,4,2,0
alice,file_access,1775254283.0672863,5,2,0
bob,file_access,1775254285.077403,94,9,1
alice,file_access,1775254287.1017833,1,2,0
alice,login,1775254289.1166034,1,2,0
bob,login,1775254291.1397016,4,2,0
bob,file_access,1775254293.153411,3,2,0
charlie,file_access,1775254295.1768568,5,2,0
bob,file_access,1775254297.1905553,30,5,0
charlie,login,1775254299.201163,4,2,0
charlie,file_access,1775254301.227321,1,2,0
charlie,usb,1775254303.252354,30,5,0
alice,file_access,1775254305.2711833,5,2,0
alice,file_access,1775254307.2758906,36,5,0
charlie,file_access,1775254309.296206,4,2,0
bob,file_access,1775275315.805092,5,2,0
bob,login,1775275318.1746955,1,2,0
charlie,usb,1775275322.9674895,29,5,0
charlie,file_access,1775275325.0121267,2,2,0
alice,file_access,1775275327.047147,4,2,0
alice,usb,1775275329.0756514,52,7,1
bob,usb,1775275331.108197,61,7,1
alice,login,1775275333.1554463,2,2,0
bob,usb,1775275335.18364,40,5,0
charlie,usb,1775275337.2166557,47,7,1
charlie,login,1775275339.2438383,4,2,0
alice,login,1775275341.270227,4,2,0
alice,usb,1775275343.310475,37,5,0
bob,file_access,1775275345.3435402,3,2,0
charlie,login,1775275347.3656657,4,2,0
bob,login,1775275349.4053319,4,2,0
alice,file_access,1775275351.4277112,4,2,0
alice,file_access,1775275353.4636598,3,2,0
charlie,login,1775275355.4935184,3,2,0
bob,login,1775275357.5418856,2,2,0
alice,file_access,1775275359.5736492,67,7,1
bob,file_access,1775275361.6060321,80,9,1
alice,file_access,1775275363.6338234,5,2,0
bob,file_access,1775275365.67001,4,2,0
charlie,login,1775275367.6989648,3,2,0
charlie,file_access,1775275369.7280293,5,2,0
alice,login,1775275371.759978,1,2,0
alice,usb,1775275373.7872498,27,5,0
charlie,file_access,1775275375.814657,1,2,0
alice,file_access,1775275377.8461573,53,7,1
alice,file_access,1775275379.8767385,3,2,0
alice,file_access,1775275381.9011562,5,2,0
charlie,login,1775275383.9311168,1,2,0
alice,file_access,1775275385.9706407,2,2,0
bob,login,1775275388.0045588,4,2,0
alice,file_access,1775275390.0434182,89,9,1
alice,login,1775275392.0745125,5,2,0
alice,file_access,1775275394.1050928,1,2,0
charlie,login,1775275396.1399684,4,2,0
charlie,file_access,1775275398.1699214,3,2,0
charlie,login,1775275400.2016122,3,2,0
alice,login,1775275402.2390525,2,2,0
charlie,file_access,1775275404.2779691,2,2,0
charlie,login,1775275406.310397,3,2,0
charlie,file_access,1775275408.340993,28,5,0
charlie,file_access,1775275410.3752704,39,5,0
charlie,file_access,1775275412.4042187,34,5,0
alice,file_access,1775275414.44458,3,2,0
bob,file_access,1775275416.5157862,4,2,0
alice,usb,1775275418.5642023,82,9,1
alice,file_access,1775275420.595736,1,2,0
bob,file_access,1775275422.6172915,86,9,1
bob,file_access,1775275424.6506798,1,2,0
charlie,login,1775275426.687925,3,2,0
alice,login,1775275428.717938,2,2,0
bob,file_access,1775275430.7547107,3,2,0
charlie,file_access,1775275432.796087,2,2,0
alice,login,1775275434.8231938,1,2,0
charlie,login,1775275436.8518646,5,2,0
bob,login,1775275438.8804293,5,2,0
bob,login,1775275440.9102147,5,2,0
alice,file_access,1775275442.9366794,5,2,0
alice,login,1775275444.9654236,1,2,0
charlie,file_access,1775275446.993757,1,2,0
charlie,usb,1775275449.0193548,47,7,1
charlie,file_access,1775275451.0562696,1,2,0
bob,login,1775275453.1033938,5,2,0
bob,login,1775275455.1381557,5,2,0
charlie,login,1775275457.1674263,3,2,0
alice,file_access,1775275459.2017055,2,2,0
bob,file_access,1775275461.2332468,3,2,0
alice,login,1775275463.2602255,4,2,0
alice,file_access,1775275465.2891939,60,7,1
alice,file_access,1775275467.3141084,5,2,0
bob,file_access,1775275469.3476548,5,2,0
charlie,file_access,1775275471.389508,1,2,0
alice,login,1775275473.4186149,3,2,0
bob,file_access,1775275475.4541602,4,2,0
bob,usb,1775275477.4800456,35,5,0
bob,file_access,1775275479.5122225,71,9,1
alice,file_access,1775275481.544157,1,2,0
alice,file_access,1775275483.5855522,3,2,0
charlie,file_access,1775275485.626187,1,2,0
alice,file_access,1775275487.6664338,5,2,0
alice,file_access,1775275489.7093208,3,2,0
alice,usb,1775275491.7552183,93,9,1
alice,file_access,1775275493.7972627,29,5,0
bob,login,1775275495.8394334,5,2,0
charlie,usb,1775275497.874967,35,5,0
bob,file_access,1775275499.9118214,3,2,0
bob,file_access,1775275501.943014,2,2,0
bob,file_access,1775275503.9801266,64,7,1
alice,file_access,1775275506.0157464,58,7,1
charlie,file_access,1775275508.0408154,5,2,0
alice,login,1775275510.068872,2,2,0
charlie,file_access,1775275512.1070087,4,2,0
alice,file_access,1775275514.1340032,2,2,0
charlie,file_access,1775275516.1704543,5,2,0
charlie,usb,1775275518.2004657,27,5,0
bob,login,1775275520.2372434,3,2,0
alice,login,1775275522.2606807,3,2,0
alice,login,1775275524.2843523,4,2,0
bob,login,1775275526.310102,4,2,0
bob,file_access,1775275528.3484387,5,2,0
bob,file_access,1775275530.380485,1,2,0
bob,login,1775275532.4169672,1,2,0
alice,file_access,1775275534.4613028,3,2,0
charlie,login,1775275536.4945533,5,2,0
alice,file_access,1775275538.5304527,1,2,0
alice,login,1775275540.5688043,4,2,0
bob,file_access,1775275542.6012356,5,2,0
charlie,file_access,1775275544.6344397,3,2,0
bob,file_access,1775275546.6679556,42,7,1
alice,login,1775275548.7090387,3,2,0
charlie,usb,1775275550.7469232,92,9,1
alice,login,1775275552.7803147,2,2,0
bob,login,1775275554.8102882,5,2,0
charlie,login,1775275556.8413334,1,2,0
bob,file_access,1775275558.881793,51,7,1
charlie,login,1775275560.9224951,5,2,0
alice,login,1775275562.9498527,1,2,0
alice,login,1775275564.9797676,3,2,0
bob,file_access,1775275567.006961,5,2,0
bob,login,1775275569.043254,4,2,0
charlie,login,1775275571.0717165,3,2,0
charlie,login,1775275573.1051228,5,2,0
alice,file_access,1775275575.1392512,2,2,0
alice,file_access,1775275577.183954,5,2,0
bob,file_access,1775275579.212346,2,2,0
alice,login,1775275581.2502549,2,2,0
bob,usb,1775275583.2782116,43,7,1
charlie,file_access,1775275585.315595,4,2,0
bob,usb,1775275587.3520734,56,7,1
bob,file_access,1775275589.394187,5,2,0
alice,file_access,1775275591.4393878,49,7,1
bob,file_access,1775275593.4826055,2,2,0
alice,login,1775275595.522841,5,2,0
alice,login,1775275597.552298,5,2,0
alice,login,1775275599.5854986,1,2,0
bob,file_access,1775275601.6161299,2,2,0
bob,login,1775275603.642148,5,2,0
alice,file_access,1775275605.673833,52,7,1
alice,file_access,1775275607.6997988,5,2,0
alice,login,1775275609.7338188,3,2,0
alice,login,1775275611.765269,5,2,0
bob,login,1775275613.8020468,1,2,0
alice,usb,1775275615.8750548,46,7,1
bob,file_access,1775275617.902209,4,2,0
alice,file_access,1775275619.93181,4,2,0
alice,usb,1775275621.9695528,97,9,1
charlie,usb,1775275623.9972372,65,7,1
bob,file_access,1775275626.0224714,93,9,1
charlie,login,1775275628.0506072,2,2,0
charlie,file_access,1775275630.082601,5,2,0
bob,login,1775275632.117098,3,2,0
charlie,file_access,1775275634.1523364,1,2,0
alice,usb,1775275636.1906922,29,5,0
bob,file_access,1775275638.222529,2,2,0
bob,file_access,1775275640.248126,4,2,0
alice,login,1775275642.2774196,5,2,0
alice,file_access,1775275644.3080742,30,5,0
charlie,login,1775275646.3453784,5,2,0
charlie,login,1775275648.3771198,4,2,0
alice,login,1775275650.4008074,4,2,0
charlie,login,1775275652.4336367,1,2,0
charlie,file_access,1775275654.4627204,40,5,0
charlie,file_access,1775275656.4906242,3,2,0
bob,file_access,1775275658.5326715,4,2,0
alice,login,1775275660.5654259,5,2,0
bob,file_access,1775275662.605077,1,2,0
alice,login,1775275664.6404133,4,2,0
bob,login,1775275666.6847816,5,2,0
alice,usb,1775275668.7259288,44,7,1
alice,file_access,1775275670.7637062,29,5,0
charlie,file_access,1775275672.8041356,4,2,0
alice,usb,1775275674.8389838,31,5,0
charlie,login,1775275676.8698993,4,2,0
alice,file_access,1775275678.9124382,1,2,0
bob,file_access,1775275680.955086,1,2,0
bob,file_access,1775275682.9895449,1,2,0
alice,login,1775275685.0231543,4,2,0
alice,login,1775275687.0562375,5,2,0
charlie,file_access,1775275689.0862067,4,2,0
bob,login,1775275691.1132417,2,2,0
alice,login,1775275693.1655993,4,2,0
bob,file_access,1775275695.1942005,3,2,0
charlie,usb,1775275697.2247932,76,9,1
alice,file_access,1775275699.2643037,4,2,0
charlie,file_access,1775275701.295492,2,2,0
alice,file_access,1775275703.3285856,3,2,0
charlie,login,1775275705.3651574,2,2,0
alice,login,1775275707.4077582,2,2,0
alice,login,1775275709.4384778,3,2,0
alice,login,1775275711.4769535,2,2,0
alice,file_access,1775275713.5048683,89,9,1
alice,file_access,1775275715.5316565,1,2,0
bob,file_access,1775275717.5550156,1,2,0
bob,file_access,1775275719.5790005,3,2,0
bob,file_access,1775275721.6109352,5,2,0
alice,file_access,1775275723.6355977,4,2,0
charlie,login,1775275725.6660233,5,2,0
bob,file_access,1775275727.7067604,62,7,1
charlie,file_access,1775275729.7475276,3,2,0
charlie,file_access,1775275731.788431,2,2,0
charlie,file_access,1775275733.8285244,1,2,0
bob,file_access,1775275735.8573947,5,2,0
bob,file_access,1775275737.887529,2,2,0
charlie,file_access,1775275739.9314325,2,2,0
alice,file_access,1775275741.9671175,3,2,0
bob,file_access,1775275743.994673,5,2,0
charlie,login,1775275746.0332694,5,2,0
bob,login,1775275748.0724506,2,2,0
bob,usb,1775275750.1095135,35,5,0
bob,usb,1775275752.1425855,31,5,0
charlie,login,1775275754.1692128,1,2,0
alice,login,1775275756.1970983,2,2,0
charlie,login,1775275758.2292802,3,2,0
bob,login,1775275760.2656872,4,2,0
alice,file_access,1775275762.3025775,71,9,1
bob,file_access,1775275764.3350077,4,2,0
bob,file_access,1775275766.3678875,4,2,0
charlie,file_access,1775275768.4051664,4,2,0
alice,usb,1775275770.4273481,55,7,1
charlie,login,1775275772.462522,2,2,0
bob,login,1775275774.4973962,1,2,0
bob,login,1775275776.5278058,3,2,0
alice,usb,1775275778.56876,87,9,1
alice,file_access,1775275780.5985203,39,5,0
charlie,login,1775275782.6409957,5,2,0
charlie,file_access,1775275784.6725986,2,2,0
charlie,file_access,1775275786.7009926,3,2,0
alice,login,1775275788.7375348,1,2,0
bob,file_access,1775275790.767824,2,2,0
bob,file_access,1775275792.7931159,5,2,0
charlie,login,1775275794.812924,4,2,0
bob,file_access,1775275796.8437884,1,2,0
charlie,file_access,1775275798.8704638,79,9,1
alice,login,1775275800.9102933,1,2,0
charlie,file_access,1775275802.9399812,5,2,0
alice,file_access,1775275804.9765997,1,2,0
charlie,file_access,1775275807.015253,2,2,0
alice,file_access,1775275809.041827,61,7,1
charlie,file_access,1775275811.082798,2,2,0
bob,login,1775275813.117051,2,2,0
charlie,login,1775275815.1633062,5,2,0
bob,usb,1775275817.2032506,47,7,1
bob,file_access,1775275819.2543452,2,2,0
alice,file_access,1775275821.3002653,2,2,0
alice,file_access,1775275823.337424,2,2,0
alice,login,1775275825.3773766,3,2,0
alice,login,1775275827.4170656,2,2,0
bob,file_access,1775275829.43787,4,2,0
bob,file_access,1775275831.4680722,4,2,0
bob,file_access,1775275833.4995553,1,2,0
alice,login,1775275835.5323477,3,2,0
alice,usb,1775275837.558499,69,7,1
alice,file_access,1775275839.5948431,5,2,0
charlie,login,1775275841.6299644,2,2,0
charlie,login,1775275843.6748931,1,2,0
bob,login,1775275845.7166514,1,2,0
bob,login,1775275847.7526293,5,2,0
charlie,login,1775275849.789825,3,2,0
alice,file_access,1775275851.820224,3,2,0
alice,file_access,1775275853.863271,5,2,0
bob,file_access,1775275855.893708,4,2,0
charlie,file_access,1775275857.9412074,2,2,0
bob,file_access,1775275859.9689379,5,2,0
bob,login,1775275862.008307,4,2,0
alice,file_access,1775275864.5674078,2,2,0
alice,login,1775275866.5932927,5,2,0
charlie,file_access,1775275868.6214063,1,2,0
bob,login,1775275870.6575844,2,2,0
charlie,file_access,1775275872.6890872,97,9,1
bob,file_access,1775275874.7297053,43,7,1
charlie,login,1775275876.7597265,3,2,0
alice,file_access,1775275878.7994153,3,2,0
charlie,file_access,1775275880.8419113,5,2,0
charlie,file_access,1775275882.8716068,5,2,0
alice,file_access,1775275884.9090443,2,2,0
bob,usb,1775275886.9515636,95,9,1
alice,login,1775275888.9896235,2,2,0
bob,file_access,1775275891.022871,3,2,0
bob,file_access,1775275893.044176,1,2,0
bob,file_access,1775275895.0745769,1,2,0
bob,login,1775275897.1060822,1,2,0
charlie,login,1775275899.140339,1,2,0
alice,file_access,1775275901.1748497,4,2,0
alice,login,1775275903.2016985,2,2,0
bob,login,1775275905.2331393,4,2,0
charlie,file_access,1775275907.273404,2,2,0
bob,file_access,1775275909.3133247,3,2,0
charlie,file_access,1775275911.345146,1,2,0
charlie,login,1775275913.3740058,5,2,0
alice,usb,1775275915.4084764,55,7,1
charlie,file_access,1775275917.4393787,1,2,0
bob,file_access,1775275919.4837768,2,2,0
alice,usb,1775275921.5119617,30,5,0
charlie,usb,1775275923.5506628,62,7,1
alice,file_access,1775275925.594101,74,9,1
alice,login,1775275950.9328413,2,2,0
charlie,file_access,1775275952.9571424,1,2,0
bob,login,1775275954.9811156,3,2,0
bob,login,1775275957.0061715,5,2,0
alice,file_access,1775275959.0379422,1,2,0
charlie,login,1775275961.066764,3,2,0
alice,usb,1775275963.1065264,75,9,1
bob,login,1775275965.131663,1,2,0
bob,file_access,1775275967.1626818,4,2,0
bob,login,1775275969.1990037,2,2,0
charlie,login,1775275971.2261183,5,2,0
bob,usb,1775275973.2509265,80,9,1
bob,file_access,1775275975.282681,5,2,0
bob,file_access,1775275977.3306675,4,2,0
bob,file_access,1775275979.3668644,2,2,0
alice,file_access,1775275981.3936493,2,2,0
charlie,file_access,1775275983.424198,3,2,0
bob,file_access,1775275985.465397,1,2,0
alice,file_access,1775275987.4966052,4,2,0
charlie,file_access,1775275989.5267978,4,2,0
alice,file_access,1775275991.5611572,1,2,0
alice,usb,1775275993.5940156,80,9,1
charlie,file_access,1775275995.6140523,3,2,0
charlie,file_access,1775275997.641669,33,5,0
alice,file_access,1775275999.6677349,4,2,0
alice,file_access,1775276001.7142222,54,7,1
charlie,login,1775276003.744145,3,2,0
bob,login,1775276005.7692015,1,2,0
charlie,file_access,1775276007.8068984,5,2,0
bob,file_access,1775276009.8344007,2,2,0
alice,file_access,1775276011.871413,70,7,1
bob,file_access,1775276013.926352,3,2,0
alice,usb,1775276015.9590535,77,9,1
bob,file_access,1775276018.001672,1,2,0
charlie,file_access,1775276020.0299876,64,7,1
charlie,login,1775276022.0749383,2,2,0
bob,login,1775276024.1246285,1,2,0
charlie,file_access,1775276026.160928,4,2,0
charlie,file_access,1775276028.1957438,3,2,0
alice,file_access,1775276030.2317002,3,2,0
alice,file_access,1775276032.2961311,4,2,0
bob,login,1775276034.3423848,1,2,0
alice,login,1775276036.3709211,4,2,0
bob,file_access,1775276038.4057186,3,2,0
bob,login,1775276040.4416525,5,2,0
bob,file_access,1775276042.4792285,1,2,0
bob,usb,1775276044.5109544,90,9,1
alice,file_access,1775276046.5348294,4,2,0
bob,file_access,1775276048.574098,29,5,0
alice,file_access,1775276050.6026018,1,2,0
charlie,file_access,1775276052.6389418,2,2,0
bob,file_access,1775276054.6887453,4,2,0
bob,login,1775276056.7195294,2,2,0
alice,login,1775276058.7479835,3,2,0
bob,file_access,1775276060.796331,1,2,0
charlie,file_access,1775276062.8293054,3,2,0
bob,usb,1775276064.8616087,30,5,0
bob,file_access,1775276066.9102662,3,2,0
alice,login,1775276068.9446473,3,2,0
alice,login,1775276070.9753854,3,2,0
bob,file_access,1775276073.0161355,4,2,0
bob,login,1775276075.0369673,5,2,0
bob,file_access,1775276077.0695782,1,2,0
charlie,login,1775276079.1051738,3,2,0
alice,file_access,1775276081.136505,5,2,0
charlie,file_access,1775276083.1656492,32,5,0
alice,file_access,1775276085.1897724,2,2,0
bob,file_access,1775276087.2079363,4,2,0
bob,file_access,1775276089.2344782,2,2,0
alice,login,1775276091.2715068,5,2,0
alice,file_access,1775276093.296632,1,2,0
alice,file_access,1775276095.3399932,5,2,0
alice,login,1775276097.3701289,2,2,0
charlie,login,1775276099.4050465,4,2,0
charlie,file_access,1775276101.4458776,3,2,0
charlie,login,1775276103.5436666,3,2,0
alice,usb,1775276105.576612,73,9,1
bob,file_access,1775276107.619163,2,2,0
bob,login,1775276109.6532462,4,2,0
charlie,usb,1775276111.6826138,33,5,0
charlie,file_access,1775276113.7130613,3,2,0
alice,file_access,1775276115.744954,5,2,0
alice,login,1775276117.7769597,3,2,0
charlie,file_access,1775276119.818018,72,9,1
bob,file_access,1775276121.8455403,47,7,1
alice,usb,1775276123.8771286,55,7,1
charlie,file_access,1775276125.9135227,1,2,0
charlie,login,1775276127.9488955,5,2,0
bob,file_access,1775276129.9827442,79,9,1
bob,login,1775276132.0078511,1,2,0
alice,login,1775276134.0454776,3,2,0
bob,login,1775276136.0782394,2,2,0
alice,file_access,1775276138.1069293,5,2,0
bob,login,1775276140.1330128,2,2,0
charlie,login,1775276142.1579535,5,2,0
alice,file_access,1775276144.1877725,42,7,1
charlie,login,1775276146.2217245,2,2,0
charlie,login,1775276148.2543035,3,2,0
bob,file_access,1775276150.28805,5,2,0
charlie,login,1775276152.3236847,2,2,0
alice,login,1775276154.3527508,2,2,0
charlie,login,1775276156.3934479,1,2,0
bob,login,1775276158.4360857,2,2,0
charlie,file_access,1775276160.4745147,5,2,0
alice,login,1775276162.5166554,2,2,0
bob,login,1775276164.5547621,3,2,0
alice,usb,1775276166.5907547,35,5,0
charlie,file_access,1775276168.6276164,5,2,0
bob,file_access,1775276170.6612754,5,2,0
bob,file_access,1775276172.6967132,1,2,0
bob,login,1775276174.7255223,3,2,0
alice,file_access,1775276176.7532763,4,2,0
charlie,usb,1775276178.7861176,45,7,1
alice,login,1775276180.823654,2,2,0
bob,file_access,1775276182.857817,2,2,0
charlie,login,1775276184.8883457,2,2,0
charlie,file_access,1775276186.9318044,2,2,0
alice,file_access,1775276188.9691563,5,2,0
charlie,usb,1775276191.009994,92,9,1
charlie,login,1775276193.0433843,3,2,0
alice,login,1775276195.0662134,5,2,0
alice,login,1775276197.097935,4,2,0
charlie,login,1775276199.132941,1,2,0
charlie,file_access,1775276201.1574683,49,7,1
alice,login,1775276203.201784,1,2,0
alice,login,1775276205.233667,4,2,0
bob,login,1775276207.2797832,4,2,0
alice,login,1775276209.3183331,3,2,0
charlie,file_access,1775276211.3556137,89,9,1
charlie,login,1775276213.3899558,5,2,0
bob,file_access,1775276215.420855,3,2,0
charlie,login,1775276217.4581537,4,2,0
bob,file_access,1775276219.494648,3,2,0
charlie,login,1775276221.525399,4,2,0
alice,login,1775276223.5556612,4,2,0
alice,file_access,1775276225.5879588,2,2,0
alice,file_access,1775276227.6185346,5,2,0
charlie,login,1775276229.65326,5,2,0
charlie,file_access,1775276231.6941345,5,2,0
alice,file_access,1775276233.7371955,1,2,0
alice,file_access,1775276235.7732594,84,9,1
charlie,file_access,1775276237.811023,3,2,0
charlie,login,1775276239.8426774,4,2,0
charlie,login,1775276241.8814435,1,2,0
bob,file_access,1775276243.9137936,5,2,0
charlie,file_access,1775276245.9479995,4,2,0
alice,file_access,1775276247.9908042,91,9,1
bob,file_access,1775276250.031569,1,2,0
charlie,login,1775276252.0619745,5,2,0
alice,login,1775276254.0979302,2,2,0
alice,file_access,1775276256.1299872,2,2,0
charlie,login,1775276258.1587155,5,2,0
alice,login,1775276260.1945267,4,2,0
bob,file_access,1775276262.221794,1,2,0
alice,usb,1775276264.2550364,99,9,1
bob,file_access,1775276266.2879424,2,2,0
charlie,login,1775276268.3229048,5,2,0
bob,file_access,1775276270.3663607,89,9,1
bob,file_access,1775276272.3977802,3,2,0
charlie,login,1775276274.429888,2,2,0
bob,login,1775276276.465473,3,2,0
bob,login,1775276278.4952712,1,2,0
bob,login,1775276280.5301328,4,2,0
alice,login,1775276282.5720146,1,2,0
charlie,file_access,1775276284.6039813,38,5,0
bob,login,1775276286.6393485,3,2,0
charlie,login,1775276288.6719754,3,2,0
bob,file_access,1775276290.6995585,1,2,0
alice,login,1775276292.735654,4,2,0
charlie,file_access,1775276294.7683468,2,2,0
alice,login,1775276296.7949986,3,2,0
charlie,file_access,1775276298.819485,3,2,0
alice,login,1775276300.852329,5,2,0
alice,file_access,1775276302.8812652,57,7,1
bob,login,1775276304.914007,2,2,0
charlie,file_access,1775276306.9456546,64,7,1
alice,login,1775276308.9843397,4,2,0
alice,file_access,1775276311.0121117,97,9,1
bob,file_access,1775276313.090497,2,2,0
bob,file_access,1775276315.1173441,42,7,1
alice,login,1775276317.148562,5,2,0
alice,file_access,1775276319.1856008,1,2,0
alice,file_access,1775276321.217885,1,2,0
alice,login,1775276323.406226,3,2,0
charlie,file_access,1775276325.4358106,5,2,0
charlie,login,1775276327.4704242,2,2,0
charlie,file_access,1775276329.5115008,2,2,0
charlie,login,1775276331.5380945,3,2,0
alice,usb,1775276333.5802655,78,9,1
alice,file_access,1775276335.6157887,3,2,0
alice,login,1775276337.6548252,3,2,0
alice,usb,1775276339.6980639,100,9,1
charlie,file_access,1775276341.736644,3,2,0
bob,file_access,1775276343.77552,4,2,0
bob,file_access,1775276345.8006165,1,2,0
alice,file_access,1775276347.8294668,1,2,0
alice,file_access,1775276349.8754122,2,2,0
bob,file_access,1775276351.9047735,3,2,0
alice,file_access,1775276353.935275,5,2,0
charlie,file_access,1775276355.972589,4,2,0
alice,file_access,1775276358.0092974,2,2,0
charlie,file_access,1775276360.0398061,4,2,0
alice,file_access,1775276362.082133,2,2,0
alice,file_access,1775276364.1169038,77,9,1
charlie,file_access,1775276366.1462336,5,2,0
bob,login,1775276368.1871767,2,2,0
bob,login,1775276370.2238858,4,2,0
bob,login,1775276372.2601235,5,2,0
charlie,login,1775276374.2939107,1,2,0
charlie,file_access,1775276376.3301945,3,2,0
bob,file_access,1775276378.3662715,5,2,0
charlie,file_access,1775276380.3997967,1,2,0
charlie,file_access,1775276382.425872,2,2,0
bob,usb,1775276384.4642465,34,5,0
charlie,login,1775276386.49619,2,2,0
charlie,file_access,1775276388.5228822,5,2,0
charlie,file_access,1775276390.5549953,4,2,0
bob,login,1775276392.5925038,5,2,0
alice,file_access,1775276394.6654327,2,2,0
alice,file_access,1775276396.7032454,2,2,0
alice,file_access,1775276398.7422109,2,2,0
bob,login,1775276400.7777214,4,2,0
bob,file_access,1775276402.8186874,5,2,0
charlie,login,1775276404.8565934,3,2,0
charlie,login,1775276406.887813,1,2,0
charlie,file_access,1775276408.918144,1,2,0
charlie,login,1775276410.9611611,2,2,0
alice,login,1775276412.9911885,4,2,0
bob,file_access,1775276415.012409,4,2,0
alice,login,1775276417.0485685,2,2,0
alice,login,1775276419.0887263,4,2,0
alice,login,1775276421.1326551,1,2,0
bob,login,1775276423.1609733,5,2,0
alice,file_access,1775276425.213426,2,2,0
alice,login,1775276427.302463,4,2,0
charlie,file_access,1775276429.3350527,4,2,0
charlie,file_access,1775276431.3784459,90,9,1
charlie,file_access,1775276433.4120576,2,2,0
alice,file_access,1775276435.4478536,2,2,0
charlie,login,1775276437.4761717,2,2,0
bob,file_access,1775276439.506628,4,2,0
alice,file_access,1775276441.5365624,74,9,1
charlie,file_access,1775276443.566721,4,2,0
alice,file_access,1775276445.6129827,2,2,0
bob,file_access,1775276447.6413147,5,2,0
charlie,file_access,1775276449.6760342,60,7,1
alice,file_access,1775276451.7085617,3,2,0
charlie,file_access,1775276453.7538166,3,2,0
charlie,login,1775276455.7792034,3,2,0
alice,file_access,1775276457.8135607,2,2,0
alice,usb,1775276459.85172,52,7,1
charlie,login,1775276461.895451,2,2,0
alice,file_access,1775276463.9391289,2,2,0
alice,file_access,1775276465.9811227,5,2,0
charlie,file_access,1775276468.0343626,98,9,1
bob,file_access,1775276470.069037,2,2,0
alice,login,1775276472.0929937,2,2,0
alice,login,1775276474.1237442,5,2,0
alice,file_access,1775276476.1621208,5,2,0
charlie,file_access,1775276478.1978474,1,2,0
charlie,login,1775276480.2290251,3,2,0
charlie,file_access,1775276482.26956,96,9,1
charlie,file_access,1775276484.2970026,4,2,0
bob,file_access,1775276486.3213913,1,2,0
charlie,file_access,1775276488.3579917,5,2,0
charlie,usb,1775276490.393608,34,5,0
bob,file_access,1775276492.8250089,1,2,0
charlie,usb,1775276494.867584,74,9,1
alice,file_access,1775276496.893707,4,2,0
alice,file_access,1775276503.2601385,2,2,0
bob,usb,1775276505.2999794,49,7,1
bob,login,1775276511.5441813,2,2,0
bob,login,1775276513.579927,3,2,0
alice,login,1775276621.8059878,2,2,0
alice,login,1775276623.8456926,1,2,0
alice,usb,1775276625.8819556,59,7,1
bob,file_access,1775276627.9069917,5,2,0
bob,login,1775276629.94073,4,2,0
bob,usb,1775276631.978343,70,7,1
bob,file_access,1775276634.016744,3,2,0
charlie,login,1775276636.0503485,4,2,0
bob,login,1775276638.0792449,1,2,0
bob,file_access,1775276640.1177979,4,2,0
bob,file_access,1775276642.1471844,4,2,0
alice,file_access,1775276644.1773105,3,2,0
bob,usb,1775276646.2142837,48,7,1
charlie,login,1775276648.2474763,1,2,0
charlie,usb,1775276650.2761014,25,5,0
charlie,file_access,1775276652.3036263,3,2,0
alice,file_access,1775276654.3344436,3,2,0
alice,file_access,1775276656.3569818,3,2,0
bob,login,1775276658.3904717,1,2,0
alice,login,1775276660.4317806,4,2,0
alice,file_access,1775276662.4585066,1,2,0
alice,file_access,1775276664.480467,3,2,0
bob,file_access,1775276666.5115595,4,2,0
bob,login,1775276668.5466084,3,2,0
charlie,file_access,1775276670.583141,1,2,0
charlie,file_access,1775276672.6224518,3,2,0
alice,usb,1775276674.6681142,95,9,1
alice,usb,1775276676.695321,97,9,1
bob,file_access,1775276678.7391994,1,2,0
charlie,file_access,1775276680.7802293,5,2,0
charlie,file_access,1775276682.8168387,5,2,0
bob,file_access,1775276684.8592248,2,2,0
charlie,login,1775276686.9016054,4,2,0
charlie,file_access,1775276688.9365387,5,2,0
bob,login,1775276690.972027,4,2,0
charlie,login,1775276693.0081346,3,2,0
alice,file_access,1775276695.0410264,1,2,0
bob,login,1775276697.0778995,3,2,0
alice,file_access,1775276699.119611,2,2,0
bob,file_access,1775276701.1559603,84,9,1
bob,login,1775276703.1907067,4,2,0
alice,login,1775276705.2314396,2,2,0
bob,file_access,1775276707.2608228,5,2,0
bob,file_access,1775276709.3704784,3,2,0
alice,login,1775276711.413092,1,2,0
alice,login,1775276713.4484744,4,2,0
alice,login,1775276715.4812846,3,2,0
alice,login,1775276717.512584,2,2,0
bob,login,1775276719.539815,4,2,0
charlie,login,1775276721.5730438,3,2,0
charlie,usb,1775276723.6268225,92,9,1
alice,login,1775276725.6604166,5,2,0
charlie,login,1775276727.690981,2,2,0
alice,file_access,1775276729.7308412,1,2,0
charlie,file_access,1775276731.7713633,46,7,1
alice,login,1775276733.812667,3,2,0
bob,login,1775276735.8382516,1,2,0
alice,file_access,1775276737.8688765,5,2,0
alice,file_access,1775276739.9022205,4,2,0
charlie,file_access,1775276741.9327345,46,7,1
alice,file_access,1775276743.9558773,4,2,0
charlie,login,1775276745.9962578,3,2,0
alice,file_access,1775276748.0403585,3,2,0
charlie,login,1775276750.0825906,4,2,0
alice,file_access,1775276752.111954,2,2,0
alice,login,1775276754.1440825,1,2,0
bob,login,1775276756.1727006,5,2,0
charlie,login,1775276758.2066834,1,2,0
bob,usb,1775276760.2336335,72,9,1
bob,usb,1775276762.2735014,93,9,1
bob,file_access,1775276764.3046381,4,2,0
alice,login,1775276766.3424149,5,2,0
charlie,login,1775276768.3746316,4,2,0
alice,file_access,1775276770.4060755,4,2,0
charlie,login,1775276772.4294832,2,2,0
alice,file_access,1775276774.4620802,1,2,0
charlie,usb,1775276776.497042,91,9,1
alice,login,1775276778.5407238,1,2,0
alice,file_access,1775276780.572326,5,2,0
alice,file_access,1775276782.6073031,3,2,0
alice,file_access,1775276784.6380332,39,5,0
alice,usb,1775276786.6745005,30,5,0
alice,login,1775276788.7043543,5,2,0
alice,login,1775276790.7342255,2,2,0
charlie,login,1775276792.7780397,3,2,0
alice,login,1775276794.8130038,5,2,0
bob,file_access,1775276796.8415499,2,2,0
charlie,login,1775276798.870935,4,2,0
bob,login,1775276800.9100096,2,2,0
charlie,file_access,1775276802.9502861,2,2,0
bob,file_access,1775276804.9791243,3,2,0
alice,file_access,1775276807.0143938,3,2,0
alice,file_access,1775276809.039591,2,2,0
bob,file_access,1775276811.0681343,2,2,0
bob,file_access,1775276813.0824049,5,2,0
bob,login,1775276815.1118007,1,2,0
alice,usb,1775276817.132905,39,5,0
charlie,usb,1775276819.1722794,100,9,1
charlie,file_access,1775276821.2138743,1,2,0
alice,login,1775276823.2727578,1,2,0
bob,login,1775276825.318033,4,2,0
alice,file_access,1775318888.6916635,2,2,0
alice,file_access,1775318890.751144,1,2,0
bob,file_access,1775318893.078725,2,2,0
alice,file_access,1775318895.1053925,2,2,0
bob,usb,1775318897.1335976,99,9,1
alice,login,1775318899.154759,4,2,0
charlie,file_access,1775318901.1688821,42,7,1
bob,file_access,1775318903.1860695,95,9,1
charlie,file_access,1775318905.2062678,1,2,0
charlie,login,1775318907.222198,2,2,0
charlie,file_access,1775318909.2378478,48,7,1
bob,file_access,1775318911.2486937,3,2,0
alice,file_access,1775318913.268138,4,2,0
charlie,usb,1775318915.2704659,36,5,0
alice,login,1775318917.283706,4,2,0
charlie,file_access,1775318919.300951,5,2,0
charlie,file_access,1775318921.3147635,4,2,0
charlie,file_access,1775318923.3217912,49,7,1
bob,file_access,1775318925.335106,5,2,0
bob,file_access,1775318927.3406413,4,2,0
alice,usb,1775318929.3522131,87,9,1
alice,login,1775318931.3656626,4,2,0
bob,login,1775318933.3827171,3,2,0
alice,file_access,1775318935.4038105,58,7,1
bob,login,1775318937.4277782,3,2,0
charlie,file_access,1775318939.4455807,1,2,0
bob,file_access,1775318941.4652839,3,2,0
charlie,login,1775318943.4891582,5,2,0
alice,login,1775318945.5153935,4,2,0
charlie,file_access,1775318947.529034,5,2,0
alice,login,1775318949.5486226,2,2,0
alice,file_access,1775318951.5653222,29,5,0
alice,file_access,1775318953.5917127,2,2,0
alice,file_access,1775318955.605003,2,2,0
charlie,usb,1775318957.6293883,49,7,1
bob,file_access,1775318959.6391857,5,2,0
alice,login,1775318961.6509647,5,2,0
alice,file_access,1775318963.6615384,4,2,0
alice,login,1775318965.6850228,5,2,0
bob,file_access,1775318967.700981,2,2,0
charlie,login,1775318969.718979,5,2,0
charlie,file_access,1775318971.731845,2,2,0
bob,file_access,1775318973.7477076,4,2,0
bob,file_access,1775318975.7636485,3,2,0
alice,file_access,1775318977.7776766,2,2,0
alice,login,1775318979.7842312,5,2,0
alice,login,1775318981.7978573,1,2,0
alice,file_access,1775318983.8180315,4,2,0
bob,usb,1775318985.8362808,49,7,1
alice,file_access,1775318987.8537817,4,2,0
bob,file_access,1775318989.869954,4,2,0
charlie,login,1775318991.8912678,1,2,0
bob,login,1775318993.919392,1,2,0
charlie,login,1775318995.9459443,4,2,0
bob,file_access,1775318997.9724987,31,5,0
alice,file_access,1775318999.9897208,5,2,0
bob,login,1775319001.9962792,3,2,0
charlie,file_access,1775319004.005476,1,2,0
charlie,file_access,1775319006.0328755,5,2,0
charlie,file_access,1775319008.0570166,5,2,0
charlie,login,1775319010.0853734,4,2,0
alice,file_access,1775319012.1137516,5,2,0
bob,file_access,1775319014.1306334,2,2,0
charlie,usb,1775319016.154351,26,5,0
bob,file_access,1775319018.1766646,1,2,0
bob,file_access,1775319020.2066832,42,7,1
charlie,file_access,1775319022.2289586,5,2,0
alice,login,1775319024.241987,3,2,0
bob,file_access,1775319026.2566848,5,2,0
charlie,login,1775319028.2803066,5,2,0
charlie,file_access,1775319030.302618,3,2,0
charlie,login,1775319032.3244758,1,2,0
alice,login,1775319034.3512392,3,2,0
bob,file_access,1775319036.3806071,4,2,0
charlie,file_access,1775319038.407726,4,2,0
bob,login,1775319040.435185,5,2,0
alice,login,1775319042.4577167,5,2,0
charlie,usb,1775319044.4749568,97,9,1
alice,file_access,1775319046.4989917,1,2,0
alice,file_access,1775319048.5260878,54,7,1
charlie,login,1775319050.5528162,5,2,0
alice,file_access,1775319052.5827131,70,7,1
alice,file_access,1775319054.6052074,2,2,0
charlie,file_access,1775319056.6242602,79,9,1
charlie,file_access,1775319058.657818,4,2,0
alice,login,1775319060.6787245,5,2,0
bob,login,1775319062.7020843,3,2,0
bob,login,1775319064.7308085,1,2,0
bob,file_access,1775319066.7618754,3,2,0
charlie,file_access,1775319068.783815,26,5,0
alice,usb,1775319070.804663,99,9,1
bob,login,1775319072.8303459,2,2,0
alice,file_access,1775319074.854609,35,5,0
bob,file_access,1775319076.8815763,99,9,1
charlie,login,1775319078.9020524,5,2,0
bob,login,1775319080.9259489,4,2,0
charlie,login,1775319082.9497359,4,2,0
bob,file_access,1775319084.9630668,2,2,0
bob,file_access,1775319086.9798198,3,2,0
charlie,login,1775319088.9911635,3,2,0
charlie,login,1775319091.014041,2,2,0
bob,login,1775319093.0304692,2,2,0
bob,file_access,1775319095.0371397,1,2,0
bob,file_access,1775319097.047658,3,2,0
charlie,file_access,1775319099.05858,61,7,1
bob,file_access,1775319101.0753677,4,2,0
alice,usb,1775319103.0916228,74,9,1
alice,file_access,1775319105.1041646,2,2,0
alice,file_access,1775319107.1301634,4,2,0
bob,file_access,1775319109.148397,4,2,0
bob,file_access,1775319111.1500876,3,2,0
bob,file_access,1775319113.1507723,5,2,0
bob,login,1775319115.1663644,2,2,0
charlie,usb,1775319117.182546,49,7,1
bob,file_access,1775319119.1982083,52,7,1
charlie,file_access,1775319121.20931,4,2,0
alice,file_access,1775319123.2258897,2,2,0
alice,file_access,1775319125.2418077,4,2,0
charlie,login,1775319127.265597,2,2,0
bob,file_access,1775319129.292727,1,2,0
bob,file_access,1775319131.314905,3,2,0
alice,login,1775319133.3436193,2,2,0
alice,file_access,1775319135.3650281,2,2,0
alice,file_access,1775319137.3906996,1,2,0
bob,file_access,1775319139.4045706,72,9,1
alice,file_access,1775319141.421315,3,2,0
charlie,login,1775319143.4445546,5,2,0
charlie,login,1775319145.4575706,2,2,0
alice,file_access,1775319147.4841309,2,2,0
bob,usb,1775319149.5050151,32,5,0
charlie,file_access,1775319151.5281558,4,2,0
bob,file_access,1775319153.5482697,63,7,1
charlie,file_access,1775319155.5692987,3,2,0
alice,usb,1775319157.5946515,59,7,1
charlie,file_access,1775319159.6230357,3,2,0
alice,file_access,1775319161.6465533,3,2,0
charlie,file_access,1775319163.664802,67,7,1
charlie,login,1775319165.6902914,1,2,0
alice,file_access,1775319167.7154098,5,2,0
alice,file_access,1775319169.741209,5,2,0
alice,login,1775319171.766595,1,2,0
charlie,login,1775319173.7797575,3,2,0
bob,login,1775319175.7964103,1,2,0
bob,file_access,1775319177.8231525,1,2,0
charlie,login,1775319179.8463478,2,2,0
bob,file_access,1775319181.8699749,74,9,1
alice,login,1775319183.885362,2,2,0
bob,usb,1775319185.9146862,60,7,1
charlie,file_access,1775319187.9437628,81,9,1
charlie,file_access,1775319189.967844,2,2,0
charlie,file_access,1775319191.9877617,42,7,1
bob,file_access,1775319194.0166924,3,2,0
bob,login,1775319196.043501,3,2,0
alice,login,1775319198.0641723,2,2,0
bob,file_access,1775319200.0842338,4,2,0
bob,file_access,1775319202.1086118,4,2,0
alice,file_access,1775319204.129178,3,2,0
charlie,usb,1775319206.1460097,25,5,0
alice,file_access,1775319208.1594732,1,2,0
alice,login,1775319210.1835945,4,2,0
bob,login,1775319212.2090886,1,2,0
alice,login,1775319214.2352514,5,2,0
charlie,usb,1775319216.2586985,31,5,0
bob,login,1775319218.2729337,2,2,0
bob,usb,1775319220.3005955,45,7,1
alice,file_access,1775319222.315879,4,2,0
alice,usb,1775319224.3328848,28,5,0
charlie,login,1775319226.3576252,5,2,0
bob,file_access,1775319228.386761,3,2,0
bob,file_access,1775319230.4145186,4,2,0
charlie,file_access,1775319232.4322026,2,2,0
alice,login,1775319234.4603379,5,2,0
alice,login,1775319236.487254,1,2,0
bob,file_access,1775319238.503945,2,2,0
bob,file_access,1775319240.5208333,2,2,0
bob,file_access,1775319242.5499523,5,2,0
bob,file_access,1775319244.5787072,29,5,0
alice,file_access,1775319246.6057868,75,9,1
alice,file_access,1775319248.6267822,83,9,1
bob,login,1775319250.635937,4,2,0
bob,login,1775319252.6452026,3,2,0
charlie,login,1775319254.651953,1,2,0
charlie,file_access,1775319256.6683078,33,5,0
alice,login,1775319258.6905818,1,2,0
alice,login,1775319260.715374,4,2,0
bob,login,1775319262.737938,4,2,0
charlie,file_access,1775319264.7571332,65,7,1
bob,file_access,1775319266.78132,4,2,0
alice,file_access,1775319268.7954893,5,2,0
alice,login,1775319270.8188848,3,2,0
alice,login,1775319272.8219883,2,2,0
bob,login,1775319274.8390455,3,2,0
bob,usb,1775319276.8644707,65,7,1
alice,login,1775319278.8810258,1,2,0
alice,login,1775319280.8975942,5,2,0
bob,file_access,1775319282.921696,1,2,0
charlie,file_access,1775319284.945858,43,7,1
bob,login,1775319286.9691293,3,2,0
charlie,file_access,1775319288.9945903,38,5,0
charlie,file_access,1775319291.0147398,4,2,0
bob,file_access,1775319293.0324755,3,2,0
bob,file_access,1775319295.0514126,2,2,0
alice,login,1775319297.0697389,5,2,0
bob,login,1775319299.0918837,5,2,0
charlie,login,1775319301.1173904,3,2,0
alice,login,1775319303.1347654,1,2,0
alice,login,1775319305.1548433,5,2,0
alice,login,1775319307.1733756,3,2,0
bob,usb,1775319309.1890368,34,5,0
charlie,login,1775319311.2118013,2,2,0
bob,file_access,1775319313.228929,1,2,0
charlie,usb,1775319315.244604,27,5,0
alice,login,1775319317.2661579,5,2,0
alice,file_access,1775319319.27921,3,2,0
bob,login,1775319321.3014038,5,2,0
charlie,usb,1775319323.3228736,44,7,1
charlie,file_access,1775319325.338578,1,2,0
alice,login,1775319327.359774,3,2,0
bob,login,1775319329.3723004,1,2,0
charlie,file_access,1775319331.3959394,2,2,0
alice,file_access,1775319333.4141302,3,2,0
charlie,file_access,1775319335.432298,2,2,0
bob,file_access,1775319337.456661,4,2,0
alice,login,1775319339.4736798,5,2,0
alice,login,1775319341.4994905,1,2,0
bob,login,1775319343.5149586,5,2,0
bob,file_access,1775319345.539831,47,7,1
bob,file_access,1775319347.563729,2,2,0
charlie,login,1775319349.5781076,4,2,0
bob,file_access,1775319351.5933113,3,2,0
alice,login,1775319353.614721,4,2,0
bob,login,1775319355.636236,1,2,0
alice,file_access,1775319357.6592796,3,2,0
bob,file_access,1775319359.6837142,2,2,0
alice,file_access,1775319361.709931,4,2,0
charlie,file_access,1775319363.7260714,2,2,0
bob,file_access,1775319365.7383454,5,2,0
alice,file_access,1775319367.7533772,1,2,0
bob,file_access,1775319369.7712293,44,7,1
charlie,login,1775319371.7825143,5,2,0
bob,file_access,1775319373.8084288,4,2,0
charlie,file_access,1775319375.8228304,39,5,0
charlie,login,1775319377.8492382,2,2,0
charlie,login,1775319379.8730078,5,2,0
charlie,file_access,1775319381.8996253,1,2,0
charlie,login,1775319383.9186547,4,2,0
alice,file_access,1775319385.9370124,26,5,0
bob,file_access,1775319387.9533665,91,9,1
alice,file_access,1775319389.9702623,2,2,0
alice,login,1775319391.988726,3,2,0
charlie,usb,1775319394.0028284,38,5,0
charlie,login,1775319396.0171325,2,2,0
bob,file_access,1775319398.0422344,4,2,0
alice,file_access,1775319400.0572448,1,2,0
charlie,login,1775319402.0711935,2,2,0
charlie,login,1775319404.0849695,1,2,0
bob,login,1775319406.098598,4,2,0
alice,file_access,1775319408.120273,4,2,0
alice,file_access,1775319410.146102,2,2,0
charlie,file_access,1775319412.1685085,3,2,0
charlie,file_access,1775319414.1925008,4,2,0
alice,login,1775319416.217699,2,2,0
alice,file_access,1775319418.2412217,3,2,0
alice,file_access,1775319420.2674723,2,2,0
bob,login,1775319422.283713,5,2,0
charlie,file_access,1775319424.3106647,5,2,0
charlie,login,1775319426.3340523,1,2,0
bob,file_access,1775319428.3489282,3,2,0
alice,file_access,1775319430.5037293,4,2,0
charlie,file_access,1775319432.522785,3,2,0
bob,login,1775319434.5388021,4,2,0
charlie,login,1775319436.5545118,2,2,0
alice,usb,1775319438.5766985,49,7,1
bob,login,1775319440.601259,5,2,0
charlie,login,1775319442.6206412,1,2,0
charlie,file_access,1775319444.642431,47,7,1
alice,usb,1775319446.6536002,72,9,1
bob,login,1775319448.676816,3,2,0
bob,file_access,1775319450.6902282,70,7,1
alice,file_access,1775319452.7108119,2,2,0
alice,file_access,1775319454.725041,4,2,0
charlie,login,1775319456.748809,3,2,0
alice,file_access,1775319458.7610862,75,9,1
bob,file_access,1775319460.7837908,4,2,0
charlie,login,1775319462.8087766,2,2,0
bob,file_access,1775319464.8341706,92,9,1
bob,login,1775319466.8553421,4,2,0
bob,file_access,1775319468.8669693,1,2,0
charlie,login,1775319470.8872268,4,2,0
bob,login,1775319472.8998175,5,2,0
alice,login,1775319474.9257107,2,2,0
alice,file_access,1775319476.9506025,4,2,0
alice,usb,1775319478.965034,55,7,1
charlie,login,1775319480.99056,4,2,0
